{"cameraMode":{"drawMode":0,"name":"Shaded","section":"Shading Mode"},"sceneLighting":false,"audioPlay":false,"sceneViewState":{"showFog":true,"showMaterialUpdate":false,"showSkybox":false,"showFlares":true,"showImageEffects":true,"showParticleSystems":true},"in2DMode":false,"pivot":{"x":8.63614273071289,"y":26.50417137145996,"z":12.349324226379395},"rotation":{"x":0.034810155630111697,"y":0.9636806845664978,"z":-0.21296826004981996,"w":0.1574941873550415},"size":4.966355800628662,"orthographic":false}