{"cameraMode":{"drawMode":0,"name":"Shaded","section":"Shading Mode"},"sceneLighting":false,"audioPlay":false,"sceneViewState":{"showFog":true,"showMaterialUpdate":false,"showSkybox":false,"showFlares":true,"showImageEffects":true,"showParticleSystems":true},"in2DMode":false,"pivot":{"x":-2.3608596324920656,"y":-1.9765326976776124,"z":-1.1148157119750977},"rotation":{"x":-0.01490470115095377,"y":0.7023450136184692,"z":0.014793594367802143,"w":0.7116178870201111},"size":12.297560691833496,"orthographic":false}