{"cameraMode":{"drawMode":0,"name":"Shaded","section":"Shading Mode"},"sceneLighting":false,"audioPlay":false,"sceneViewState":{"showFog":true,"showMaterialUpdate":false,"showSkybox":false,"showFlares":true,"showImageEffects":true,"showParticleSystems":true},"in2DMode":false,"pivot":{"x":-32.876197814941409,"y":12.972946166992188,"z":-15.748376846313477},"rotation":{"x":0.1335774064064026,"y":0.6023135185241699,"z":-0.1030411571264267,"w":0.7803224325180054},"size":0.000017320508050033823,"orthographic":false}