{"cameraMode":{"drawMode":0,"name":"Shaded","section":"Shading Mode"},"sceneLighting":false,"audioPlay":false,"sceneViewState":{"showFog":true,"showMaterialUpdate":false,"showSkybox":false,"showFlares":true,"showImageEffects":true,"showParticleSystems":true},"in2DMode":false,"pivot":{"x":57.86126708984375,"y":-14.255982398986817,"z":63.60129165649414},"rotation":{"x":0.08813175559043884,"y":0.6908004283905029,"z":-0.08536528795957566,"w":0.7126396894454956},"size":37.387882232666019,"orthographic":false}