{"cameraMode":{"drawMode":0,"name":"Shaded","section":"Shading Mode"},"sceneLighting":false,"audioPlay":false,"sceneViewState":{"showFog":true,"showMaterialUpdate":false,"showSkybox":false,"showFlares":true,"showImageEffects":true,"showParticleSystems":true},"in2DMode":false,"pivot":{"x":1.8002153635025025,"y":10.876558303833008,"z":-78.66796875},"rotation":{"x":-0.0014845296973362566,"y":0.998454749584198,"z":-0.04496077820658684,"w":-0.03296060487627983},"size":47.944068908691409,"orthographic":false}