{"cameraMode":{"drawMode":0,"name":"Shaded","section":"Shading Mode"},"sceneLighting":false,"audioPlay":false,"sceneViewState":{"showFog":true,"showMaterialUpdate":false,"showSkybox":false,"showFlares":true,"showImageEffects":true,"showParticleSystems":true},"in2DMode":false,"pivot":{"x":7.306958198547363,"y":8.275781631469727,"z":-81.88890075683594},"rotation":{"x":0.034810155630111697,"y":0.9636806845664978,"z":-0.21296826004981996,"w":0.1574941873550415},"size":10.141045570373536,"orthographic":false}