{"cameraMode":{"drawMode":0,"name":"Shaded","section":"Shading Mode"},"sceneLighting":false,"audioPlay":false,"sceneViewState":{"showFog":true,"showMaterialUpdate":false,"showSkybox":false,"showFlares":true,"showImageEffects":true,"showParticleSystems":true},"in2DMode":false,"pivot":{"x":8.767672538757325,"y":-4.58619499206543,"z":-5.392096519470215},"rotation":{"x":0.02458127588033676,"y":0.9753882884979248,"z":-0.1594100445508957,"w":0.15041039884090424},"size":11.065024375915528,"orthographic":false}