{"cameraMode":{"drawMode":0,"name":"Shaded","section":"Shading Mode"},"sceneLighting":false,"audioPlay":false,"sceneViewState":{"showFog":true,"showMaterialUpdate":false,"showSkybox":false,"showFlares":true,"showImageEffects":true,"showParticleSystems":true},"in2DMode":false,"pivot":{"x":6.998076438903809,"y":-20.851272583007814,"z":36.36333465576172},"rotation":{"x":0.02458127588033676,"y":0.9753882884979248,"z":-0.1594100445508957,"w":0.15041039884090424},"size":19.96375274658203,"orthographic":false}