{"cameraMode":{"drawMode":0,"name":"Shaded","section":"Shading Mode"},"sceneLighting":false,"audioPlay":false,"sceneViewState":{"showFog":true,"showMaterialUpdate":false,"showSkybox":false,"showFlares":true,"showImageEffects":true,"showParticleSystems":true},"in2DMode":false,"pivot":{"x":3.0765340328216554,"y":-1.326395869255066,"z":79.01802825927735},"rotation":{"x":0.06497719138860703,"y":0.7413581609725952,"z":-0.07249205559492111,"w":0.6640918850898743},"size":37.387882232666019,"orthographic":false}